-- Tinh thanh
INSERT INTO tinhthanh(id_TinhThanh,tenTinhThanh) VALUES('48','Đà Nẵng');

-- Quan, huyen
INSERT INTO QuanHuyen (id_QuanHuyen, id_TinhThanh, tenQuanHuyen)
VALUES ('497', '48', 'Huyện Hòa Vang');

INSERT INTO QuanHuyen (id_QuanHuyen, id_TinhThanh, tenQuanHuyen)
VALUES ('498', '48', 'Huyện Hoàng Sa');

INSERT INTO QuanHuyen (id_QuanHuyen, id_TinhThanh, tenQuanHuyen)
VALUES ('495', '48', 'Quận Cẩm Lệ');

INSERT INTO QuanHuyen (id_QuanHuyen, id_TinhThanh, tenQuanHuyen)
VALUES ('492', '48', 'Quận Hải Châu');

INSERT INTO QuanHuyen (id_QuanHuyen, id_TinhThanh, tenQuanHuyen)
VALUES ('490', '48', 'Quận Liên Chiểu');

INSERT INTO QuanHuyen (id_QuanHuyen, id_TinhThanh, tenQuanHuyen)
VALUES ('494', '48', 'Quận Ngũ Hành Sơn');

INSERT INTO QuanHuyen (id_QuanHuyen, id_TinhThanh, tenQuanHuyen)
VALUES ('493', '48', 'Quận Sơn Trà');

INSERT INTO QuanHuyen (id_QuanHuyen, id_TinhThanh, tenQuanHuyen)
VALUES ('491', '48', 'Quận Thanh Khê');


-- Phuong, xa
INSERT INTO PhuongXa (id_PhuongXa, id_QuanHuyen, tenPhuongXa)
VALUES ('20293', '497', 'Xã Hòa Bắc');

INSERT INTO PhuongXa (id_PhuongXa, id_QuanHuyen, tenPhuongXa)
VALUES ('20323', '497', 'Xã Hòa Châu');

INSERT INTO PhuongXa (id_PhuongXa, id_QuanHuyen, tenPhuongXa)
VALUES ('20332', '497', 'Xã Hòa Khương');

INSERT INTO PhuongXa (id_PhuongXa, id_QuanHuyen, tenPhuongXa)
VALUES ('20296', '497', 'Xã Hòa Liên');

INSERT INTO PhuongXa (id_PhuongXa, id_QuanHuyen, tenPhuongXa)
VALUES ('20308', '497', 'Xã Hòa Nhơn');

INSERT INTO PhuongXa (id_PhuongXa, id_QuanHuyen, tenPhuongXa)
VALUES ('20299', '497', 'Xã Hòa Ninh');

INSERT INTO PhuongXa (id_PhuongXa, id_QuanHuyen, tenPhuongXa)
VALUES ('20320', '497', 'Xã Hòa Phong');

INSERT INTO PhuongXa (id_PhuongXa, id_QuanHuyen, tenPhuongXa)
VALUES ('20317', '497', 'Xã Hòa Phú');

INSERT INTO PhuongXa (id_PhuongXa, id_QuanHuyen, tenPhuongXa)
VALUES ('20329', '497', 'Xã Hòa Phước');

INSERT INTO PhuongXa (id_PhuongXa, id_QuanHuyen, tenPhuongXa)
VALUES ('20302', '497', 'Xã Hòa Sơn');

INSERT INTO PhuongXa (id_PhuongXa, id_QuanHuyen, tenPhuongXa)
VALUES ('20326', '497', 'Xã Hòa Tiến');

INSERT INTO PhuongXa (id_PhuongXa, id_QuanHuyen, tenPhuongXa)
VALUES ('20306', '495', 'Phường Hòa An');

INSERT INTO PhuongXa (id_PhuongXa, id_QuanHuyen, tenPhuongXa)
VALUES ('20305', '495', 'Phường Hòa Phát');

INSERT INTO PhuongXa (id_PhuongXa, id_QuanHuyen, tenPhuongXa)
VALUES ('20312', '495', 'Phường Hòa Thọ Đông');

INSERT INTO PhuongXa (id_PhuongXa, id_QuanHuyen, tenPhuongXa)
VALUES ('20311', '495', 'Phường Hòa Thọ Tây');

INSERT INTO PhuongXa (id_PhuongXa, id_QuanHuyen, tenPhuongXa)
VALUES ('20314', '495', 'Phường Hòa Xuân');

INSERT INTO PhuongXa (id_PhuongXa, id_QuanHuyen, tenPhuongXa)
VALUES ('20260', '495', 'Phường Khuê Trung');

INSERT INTO PhuongXa (id_PhuongXa, id_QuanHuyen, tenPhuongXa)
VALUES ('20251', '492', 'Phường Bình Hiên');

INSERT INTO PhuongXa (id_PhuongXa, id_QuanHuyen, tenPhuongXa)
VALUES ('20254', '492', 'Phường Bình Thuận');

INSERT INTO PhuongXa (id_PhuongXa, id_QuanHuyen, tenPhuongXa)
VALUES ('20236', '492', 'Phường Hải Châu I');

INSERT INTO PhuongXa (id_PhuongXa, id_QuanHuyen, tenPhuongXa)
VALUES ('20239', '492', 'Phường Hải Châu II');

INSERT INTO PhuongXa (id_PhuongXa, id_QuanHuyen, tenPhuongXa)
VALUES ('20257', '492', 'Phường Hòa Cường Bắc');

INSERT INTO PhuongXa (id_PhuongXa, id_QuanHuyen, tenPhuongXa)
VALUES ('20258', '492', 'Phường Hòa Cường Nam');

INSERT INTO PhuongXa (id_PhuongXa, id_QuanHuyen, tenPhuongXa)
VALUES ('20246', '492', 'Phường Hòa Thuận Đông');

INSERT INTO PhuongXa (id_PhuongXa, id_QuanHuyen, tenPhuongXa)
VALUES ('20245', '492', 'Phường Hòa Thuận Tây');

INSERT INTO PhuongXa (id_PhuongXa, id_QuanHuyen, tenPhuongXa)
VALUES ('20248', '492', 'Phường Nam Dương');

INSERT INTO PhuongXa (id_PhuongXa, id_QuanHuyen, tenPhuongXa)
VALUES ('20242', '492', 'Phường Phước Ninh');

INSERT INTO PhuongXa (id_PhuongXa, id_QuanHuyen, tenPhuongXa)
VALUES ('20233', '492', 'Phường Thạch Thang');

INSERT INTO PhuongXa (id_PhuongXa, id_QuanHuyen, tenPhuongXa)
VALUES ('20227', '492', 'Phường Thanh Bình');

INSERT INTO PhuongXa (id_PhuongXa, id_QuanHuyen, tenPhuongXa)
VALUES ('20230', '492', 'Phường Thuận Phước');

INSERT INTO PhuongXa (id_PhuongXa, id_QuanHuyen, tenPhuongXa)
VALUES ('20194', '490', 'Phường Hòa Hiệp Bắc');

INSERT INTO PhuongXa (id_PhuongXa, id_QuanHuyen, tenPhuongXa)
VALUES ('20195', '490', 'Phường Hòa Hiệp Nam');

INSERT INTO PhuongXa (id_PhuongXa, id_QuanHuyen, tenPhuongXa)
VALUES ('20197', '490', 'Phường Hòa Khánh Bắc');

INSERT INTO PhuongXa (id_PhuongXa, id_QuanHuyen, tenPhuongXa)
VALUES ('20198', '490', 'Phường Hòa Khánh Nam');

INSERT INTO PhuongXa (id_PhuongXa, id_QuanHuyen, tenPhuongXa)
VALUES ('20200', '490', 'Phường Hòa Minh');

INSERT INTO PhuongXa (id_PhuongXa, id_QuanHuyen, tenPhuongXa)
VALUES ('20290', '494', 'Phường Hoà Hải');

INSERT INTO PhuongXa (id_PhuongXa, id_QuanHuyen, tenPhuongXa)
VALUES ('20287', '494', 'Phường Hoà Quý');

INSERT INTO PhuongXa (id_PhuongXa, id_QuanHuyen, tenPhuongXa)
VALUES ('20285', '494', 'Phường Khuê Mỹ');

INSERT INTO PhuongXa (id_PhuongXa, id_QuanHuyen, tenPhuongXa)
VALUES ('20284', '494', 'Phường Mỹ An');

INSERT INTO PhuongXa (id_PhuongXa, id_QuanHuyen, tenPhuongXa)
VALUES ('20272', '493', 'Phường An Hải Bắc');

INSERT INTO PhuongXa (id_PhuongXa, id_QuanHuyen, tenPhuongXa)
VALUES ('20281', '493', 'Phường An Hải Đông');

INSERT INTO PhuongXa (id_PhuongXa, id_QuanHuyen, tenPhuongXa)
VALUES ('20278', '493', 'Phường An Hải Tây');

INSERT INTO PhuongXa (id_PhuongXa, id_QuanHuyen, tenPhuongXa)
VALUES ('20269', '493', 'Phường Mân Thái');

INSERT INTO PhuongXa (id_PhuongXa, id_QuanHuyen, tenPhuongXa)
VALUES ('20266', '493', 'Phường Nại Hiên Đông');

INSERT INTO PhuongXa (id_PhuongXa, id_QuanHuyen, tenPhuongXa)
VALUES ('20275', '493', 'Phường Phước Mỹ');

INSERT INTO PhuongXa (id_PhuongXa, id_QuanHuyen, tenPhuongXa)
VALUES ('20263', '493', 'Phường Thọ Quang');

INSERT INTO PhuongXa (id_PhuongXa, id_QuanHuyen, tenPhuongXa)
VALUES ('20224', '491', 'Phường An Khê');

INSERT INTO PhuongXa (id_PhuongXa, id_QuanHuyen, tenPhuongXa)
VALUES ('20215', '491', 'Phường Chính Gián');

INSERT INTO PhuongXa (id_PhuongXa, id_QuanHuyen, tenPhuongXa)
VALUES ('20225', '491', 'Phường Hòa Khê');

INSERT INTO PhuongXa (id_PhuongXa, id_QuanHuyen, tenPhuongXa)
VALUES ('20203', '491', 'Phường Tam Thuận');

INSERT INTO PhuongXa (id_PhuongXa, id_QuanHuyen, tenPhuongXa)
VALUES ('20212', '491', 'Phường Tân Chính');

INSERT INTO PhuongXa (id_PhuongXa, id_QuanHuyen, tenPhuongXa)
VALUES ('20221', '491', 'Phường Thạc Gián');

INSERT INTO PhuongXa (id_PhuongXa, id_QuanHuyen, tenPhuongXa)
VALUES ('20207', '491', 'Phường Thanh Khê Đông');

INSERT INTO PhuongXa (id_PhuongXa, id_QuanHuyen, tenPhuongXa)
VALUES ('20206', '491', 'Phường Thanh Khê Tây');

INSERT INTO PhuongXa (id_PhuongXa, id_QuanHuyen, tenPhuongXa)
VALUES ('20218', '491', 'Phường Vĩnh Trung');

INSERT INTO PhuongXa (id_PhuongXa, id_QuanHuyen, tenPhuongXa)
VALUES ('20209', '491', 'Phường Xuân Hà');


-- Vai tro
INSERT INTO vaitro(id_vaitro,tenvaitro) VALUES ('ADMIN','QTV');

INSERT INTO vaitro(id_vaitro,tenvaitro) VALUES ('MANAGER','NhanVienQL');

INSERT INTO vaitro(id_vaitro,tenvaitro) VALUES ('OWNER','ChuCS');


-- Danh muc bai viet
INSERT INTO danhmucbaiviet(id_danhmuc,tendanhmuc) VALUES (gen_random_uuid(),'Thông báo');

INSERT INTO danhmucbaiviet(id_danhmuc,tendanhmuc) VALUES (gen_random_uuid(),'Nội quy');

INSERT INTO danhmucbaiviet(id_danhmuc,tendanhmuc) VALUES (gen_random_uuid(),'Khảo sát');


-- Tai khoan nguoi dung
INSERT INTO nguoidung(id_nguoidung,cccd,email,hovaten,matkhau,ngaysinh,ngaytao,sdt,trangthai,id_vaitro,passwordresetcode)
VALUES(gen_random_uuid(),'451347897761','adminadmin1@gmail.com','admin1','$2a$12$qFx.NEdb9l32E4AJpqMmyONVnZ5YOlzTJMxkx5wTJRMH8aHb7yLXK','1987-05-12',CURRENT_TIMESTAMP,'0901227338','Hoạt động','ADMIN',null);

INSERT INTO nguoidung(id_nguoidung,cccd,email,hovaten,matkhau,ngaysinh,ngaytao,sdt,trangthai,id_vaitro,passwordresetcode)
VALUES(gen_random_uuid(),'321521667398','adminadmin2@gmail.com','admin2','$2a$12$x8RtWivLdi3uEU8BgCGPZuZKl50M84weWPhGrMdBnmg/iqK5DFn7m','1986-09-21',CURRENT_TIMESTAMP,'0905010263','Hoạt động','ADMIN',null);

INSERT INTO nguoidung(id_nguoidung,cccd,email,hovaten,matkhau,ngaysinh,ngaytao,sdt,trangthai,id_vaitro,passwordresetcode)
VALUES(gen_random_uuid(),'321531668398','nhanvienql1@gmail.com','nhanvienql1','$2a$12$8kw1BdLFyq7ccCHQIeK1GOTvcb2aRKOtv5RgerUF03Ni71/zA/tGu','1986-06-06',CURRENT_TIMESTAMP,'0931312887','Hoạt động','MANAGER',null);

INSERT INTO nguoidung(id_nguoidung,cccd,email,hovaten,matkhau,ngaysinh,ngaytao,sdt,trangthai,id_vaitro,passwordresetcode)
VALUES(gen_random_uuid(),'321528967348','nhanvienql2@gmail.com','nhanvienql2','$2a$12$BYJDt3nh5reGu9HDRSHRPOqqjRBIGPaIbVkNeyj7HOvMBvzWgWyEm','1987-07-16',CURRENT_TIMESTAMP,'0901223763','Hoạt động','MANAGER',null);


-- Quoc tich
INSERT INTO quoctich (id_quoctich, tenquoctich) VALUES ('VN', 'Việt Nam');
INSERT INTO quoctich (id_quoctich, tenquoctich) VALUES ('AF', 'Afghanistan');
INSERT INTO quoctich (id_quoctich, tenquoctich) VALUES ('IE', 'Ailen (Ireland)');
INSERT INTO quoctich (id_quoctich, tenquoctich) VALUES ('DZ', 'Algeria');
INSERT INTO quoctich (id_quoctich, tenquoctich) VALUES ('VI', 'Amer.Virgin Is.');
INSERT INTO quoctich (id_quoctich, tenquoctich) VALUES ('AL', 'An Ba Ni');
INSERT INTO quoctich (id_quoctich, tenquoctich) VALUES ('AD', 'Andorran');
INSERT INTO quoctich (id_quoctich, tenquoctich) VALUES ('AO', 'Angola');
INSERT INTO quoctich (id_quoctich, tenquoctich) VALUES ('AI', 'Anguilla');
INSERT INTO quoctich (id_quoctich, tenquoctich) VALUES ('GB', 'Anh');
INSERT INTO quoctich (id_quoctich, tenquoctich) VALUES ('AQ', 'Antarctica');
INSERT INTO quoctich (id_quoctich, tenquoctich) VALUES ('AG', 'Antigua/Barbuda');
INSERT INTO quoctich (id_quoctich, tenquoctich) VALUES ('AR', 'Argentina');
INSERT INTO quoctich (id_quoctich, tenquoctich) VALUES ('AM', 'Armenia');
INSERT INTO quoctich (id_quoctich, tenquoctich) VALUES ('AW', 'Aruba');
INSERT INTO quoctich (id_quoctich, tenquoctich) VALUES ('AZ', 'Azerbaijan');
INSERT INTO quoctich (id_quoctich, tenquoctich) VALUES ('AT', 'Áo');
INSERT INTO quoctich (id_quoctich, tenquoctich) VALUES ('IN', 'Ấn Độ');
INSERT INTO quoctich (id_quoctich, tenquoctich) VALUES ('PL', 'Ba Lan');
INSERT INTO quoctich (id_quoctich, tenquoctich) VALUES ('BS', 'Bahamas');
INSERT INTO quoctich (id_quoctich, tenquoctich) VALUES ('BH', 'Bahrain');
INSERT INTO quoctich (id_quoctich, tenquoctich) VALUES ('FQ', 'Baker Island');
INSERT INTO quoctich (id_quoctich, tenquoctich) VALUES ('BD', 'Bangladesh');
INSERT INTO quoctich (id_quoctich, tenquoctich) VALUES ('BB', 'Barbados');
INSERT INTO quoctich (id_quoctich, tenquoctich) VALUES ('BY', 'Belarus');
INSERT INTO quoctich (id_quoctich, tenquoctich) VALUES ('BZ', 'Belize');
INSERT INTO quoctich (id_quoctich, tenquoctich) VALUES ('BJ', 'Benin');
INSERT INTO quoctich (id_quoctich, tenquoctich) VALUES ('BM', 'Bermuda');
INSERT INTO quoctich (id_quoctich, tenquoctich) VALUES ('BT', 'Bhutan');
INSERT INTO quoctich (id_quoctich, tenquoctich) VALUES ('BL', 'Blue');
INSERT INTO quoctich (id_quoctich, tenquoctich) VALUES ('BO', 'Bolivia');
INSERT INTO quoctich (id_quoctich, tenquoctich) VALUES ('BA', 'Bosnia-Herz.');
INSERT INTO quoctich (id_quoctich, tenquoctich) VALUES ('BW', 'Botswana');
INSERT INTO quoctich (id_quoctich, tenquoctich) VALUES ('BV', 'Bouvet Islands');
INSERT INTO quoctich (id_quoctich, tenquoctich) VALUES ('BR', 'Brazil');
INSERT INTO quoctich (id_quoctich, tenquoctich) VALUES ('IO', 'Brit.Ind.Oc.Ter');
INSERT INTO quoctich (id_quoctich, tenquoctich) VALUES ('VG', 'Brit.Virgin Is.');
INSERT INTO quoctich (id_quoctich, tenquoctich) VALUES ('BN', 'Brunei Daruss.');
INSERT INTO quoctich (id_quoctich, tenquoctich) VALUES ('BG', 'Bun Ga Ri');
INSERT INTO quoctich (id_quoctich, tenquoctich) VALUES ('BF', 'Burkina Faso');
INSERT INTO quoctich (id_quoctich, tenquoctich) VALUES ('MM', 'Burma');
INSERT INTO quoctich (id_quoctich, tenquoctich) VALUES ('BI', 'Burundi');
INSERT INTO quoctich (id_quoctich, tenquoctich) VALUES ('KP', 'Bắc Triều Tiên');
INSERT INTO quoctich (id_quoctich, tenquoctich) VALUES ('BE', 'Bỉ');
INSERT INTO quoctich (id_quoctich, tenquoctich) VALUES ('PT', 'Bồ Đào Nha');
INSERT INTO quoctich (id_quoctich, tenquoctich) VALUES ('CA', 'Ca na da');
INSERT INTO quoctich (id_quoctich, tenquoctich) VALUES ('CM', 'Cameroon');
INSERT INTO quoctich (id_quoctich, tenquoctich) VALUES ('CV', 'Cape Verde');
INSERT INTO quoctich (id_quoctich, tenquoctich) VALUES ('CF', 'CAR');
INSERT INTO quoctich (id_quoctich, tenquoctich) VALUES ('KY', 'Cayman Islands');
INSERT INTO quoctich (id_quoctich, tenquoctich) VALUES ('TD', 'Chad');
INSERT INTO quoctich (id_quoctich, tenquoctich) VALUES ('CP', 'Channel Islands');
INSERT INTO quoctich (id_quoctich, tenquoctich) VALUES ('CL', 'Chile');
INSERT INTO quoctich (id_quoctich, tenquoctich) VALUES ('KT', 'Christmas Islan');
INSERT INTO quoctich (id_quoctich, tenquoctich) VALUES ('CX', 'Christmas Islnd');
INSERT INTO quoctich (id_quoctich, tenquoctich) VALUES ('IP', 'Clipperton Isla');
INSERT INTO quoctich (id_quoctich, tenquoctich) VALUES ('CC', 'Coconut Islands');
INSERT INTO quoctich (id_quoctich, tenquoctich) VALUES ('CO', 'Columbia');
INSERT INTO quoctich (id_quoctich, tenquoctich) VALUES ('KM', 'Comoros');
INSERT INTO quoctich (id_quoctich, tenquoctich) VALUES ('CK', 'Cook Islands');
INSERT INTO quoctich (id_quoctich, tenquoctich) VALUES ('VP', 'Corsica');
INSERT INTO quoctich (id_quoctich, tenquoctich) VALUES ('CR', 'Costa Rica');
INSERT INTO quoctich (id_quoctich, tenquoctich) VALUES ('CI', 'Cote dIvoire');
INSERT INTO quoctich (id_quoctich, tenquoctich) VALUES ('CU', 'Cuba');
INSERT INTO quoctich (id_quoctich, tenquoctich) VALUES ('CY', 'Cyprus');
INSERT INTO quoctich (id_quoctich, tenquoctich) VALUES ('KH', 'Cămpuchia');
INSERT INTO quoctich (id_quoctich, tenquoctich) VALUES ('CD', 'Dem. Rep. Congo');
INSERT INTO quoctich (id_quoctich, tenquoctich) VALUES ('DJ', 'Djibouti');
INSERT INTO quoctich (id_quoctich, tenquoctich) VALUES ('DM', 'Dominica');
INSERT INTO quoctich (id_quoctich, tenquoctich) VALUES ('DO', 'Dominican Rep.');
INSERT INTO quoctich (id_quoctich, tenquoctich) VALUES ('AN', 'Dutch Antilles');
INSERT INTO quoctich (id_quoctich, tenquoctich) VALUES ('DK', 'Đan Mạch');
INSERT INTO quoctich (id_quoctich, tenquoctich) VALUES ('TW', 'Đài Loan');
INSERT INTO quoctich (id_quoctich, tenquoctich) VALUES ('DE', 'Đức');
INSERT INTO quoctich (id_quoctich, tenquoctich) VALUES ('TL', 'East Timor');
INSERT INTO quoctich (id_quoctich, tenquoctich) VALUES ('TP', 'East Timor');
INSERT INTO quoctich (id_quoctich, tenquoctich) VALUES ('EC', 'Ecuador');
INSERT INTO quoctich (id_quoctich, tenquoctich) VALUES ('EG', 'Egypt');
INSERT INTO quoctich (id_quoctich, tenquoctich) VALUES ('SV', 'El Salvador');
INSERT INTO quoctich (id_quoctich, tenquoctich) VALUES ('GQ', 'Equatorial Guin');
INSERT INTO quoctich (id_quoctich, tenquoctich) VALUES ('ER', 'Eritrea');
INSERT INTO quoctich (id_quoctich, tenquoctich) VALUES ('EE', 'Estonia');
INSERT INTO quoctich (id_quoctich, tenquoctich) VALUES ('ET', 'Ethiopia');
INSERT INTO quoctich (id_quoctich, tenquoctich) VALUES ('EU', 'European Union');
INSERT INTO quoctich (id_quoctich, tenquoctich) VALUES ('FK', 'Falkland Islnds');
INSERT INTO quoctich (id_quoctich, tenquoctich) VALUES ('FO', 'Faroe Islands');
INSERT INTO quoctich (id_quoctich, tenquoctich) VALUES ('FJ', 'Fiji');
INSERT INTO quoctich (id_quoctich, tenquoctich) VALUES ('FI', 'Finland');
INSERT INTO quoctich (id_quoctich, tenquoctich) VALUES ('FX', 'France, Metropo');
INSERT INTO quoctich (id_quoctich, tenquoctich) VALUES ('PF', 'Frenc.Polynesia');
INSERT INTO quoctich (id_quoctich, tenquoctich) VALUES ('GF', 'French Guayana');
INSERT INTO quoctich (id_quoctich, tenquoctich) VALUES ('TF', 'French S.Territ');
INSERT INTO quoctich (id_quoctich, tenquoctich) VALUES ('FS', 'French Southern');
INSERT INTO quoctich (id_quoctich, tenquoctich) VALUES ('GA', 'Gabon');
INSERT INTO quoctich (id_quoctich, tenquoctich) VALUES ('GM', 'Gambia');
INSERT INTO quoctich (id_quoctich, tenquoctich) VALUES ('GZ', 'Gaza Strip');
INSERT INTO quoctich (id_quoctich, tenquoctich) VALUES ('GE', 'Georgia');
INSERT INTO quoctich (id_quoctich, tenquoctich) VALUES ('GH', 'Ghana');
INSERT INTO quoctich (id_quoctich, tenquoctich) VALUES ('GI', 'Gibraltar');
INSERT INTO quoctich (id_quoctich, tenquoctich) VALUES ('GO', 'Glorioso Island');
INSERT INTO quoctich (id_quoctich, tenquoctich) VALUES ('GR', 'Greece');
INSERT INTO quoctich (id_quoctich, tenquoctich) VALUES ('GL', 'Greenland');
INSERT INTO quoctich (id_quoctich, tenquoctich) VALUES ('GD', 'Grenada');
INSERT INTO quoctich (id_quoctich, tenquoctich) VALUES ('GP', 'Guadeloupe');
INSERT INTO quoctich (id_quoctich, tenquoctich) VALUES ('GU', 'Guam');
INSERT INTO quoctich (id_quoctich, tenquoctich) VALUES ('GT', 'Guatemala');
INSERT INTO quoctich (id_quoctich, tenquoctich) VALUES ('GK', 'Guernsey');
INSERT INTO quoctich (id_quoctich, tenquoctich) VALUES ('GN', 'Guinea');
INSERT INTO quoctich (id_quoctich, tenquoctich) VALUES ('GW', 'Guinea-Bissau');
INSERT INTO quoctich (id_quoctich, tenquoctich) VALUES ('GY', 'Guyana');
INSERT INTO quoctich (id_quoctich, tenquoctich) VALUES ('HT', 'Haiti');
INSERT INTO quoctich (id_quoctich, tenquoctich) VALUES ('HM', 'Heard/McDon.Isl');
INSERT INTO quoctich (id_quoctich, tenquoctich) VALUES ('US', 'Hoa kỳ');
INSERT INTO quoctich (id_quoctich, tenquoctich) VALUES ('HN', 'Honduras');
INSERT INTO quoctich (id_quoctich, tenquoctich) VALUES ('HK', 'Hong Kong');
INSERT INTO quoctich (id_quoctich, tenquoctich) VALUES ('HQ', 'Howland Island');
INSERT INTO quoctich (id_quoctich, tenquoctich) VALUES ('HU', 'Hung ga ri');
INSERT INTO quoctich (id_quoctich, tenquoctich) VALUES ('NL', 'Hà Lan');
INSERT INTO quoctich (id_quoctich, tenquoctich) VALUES ('KR', 'Hàn Quốc');
INSERT INTO quoctich (id_quoctich, tenquoctich) VALUES ('IT', 'I ta li a');
INSERT INTO quoctich (id_quoctich, tenquoctich) VALUES ('IS', 'Iceland');
INSERT INTO quoctich (id_quoctich, tenquoctich) VALUES ('ID', 'Indonesia');
INSERT INTO quoctich (id_quoctich, tenquoctich) VALUES ('IR', 'Iran');
INSERT INTO quoctich (id_quoctich, tenquoctich) VALUES ('IQ', 'Iraq');
INSERT INTO quoctich (id_quoctich, tenquoctich) VALUES ('IM', 'Isle of Man');
INSERT INTO quoctich (id_quoctich, tenquoctich) VALUES ('IL', 'Israel');
INSERT INTO quoctich (id_quoctich, tenquoctich) VALUES ('JM', 'Jamaica');
INSERT INTO quoctich (id_quoctich, tenquoctich) VALUES ('JN', 'Jan Mayen');
INSERT INTO quoctich (id_quoctich, tenquoctich) VALUES ('JA', 'Japan Ryukyu');
INSERT INTO quoctich (id_quoctich, tenquoctich) VALUES ('DQ', 'Jarvis Island');
INSERT INTO quoctich (id_quoctich, tenquoctich) VALUES ('JE', 'Jersey');
INSERT INTO quoctich (id_quoctich, tenquoctich) VALUES ('JQ', 'Johnston Atoll');
INSERT INTO quoctich (id_quoctich, tenquoctich) VALUES ('JO', 'Jordan');
INSERT INTO quoctich (id_quoctich, tenquoctich) VALUES ('JU', 'Juan de Nova Is');
INSERT INTO quoctich (id_quoctich, tenquoctich) VALUES ('KZ', 'Kazakhstan');
INSERT INTO quoctich (id_quoctich, tenquoctich) VALUES ('KE', 'Kenya');
INSERT INTO quoctich (id_quoctich, tenquoctich) VALUES ('KQ', 'Kingman Reef');
INSERT INTO quoctich (id_quoctich, tenquoctich) VALUES ('KI', 'Kiribati');
INSERT INTO quoctich (id_quoctich, tenquoctich) VALUES ('KW', 'Kuwait');
INSERT INTO quoctich (id_quoctich, tenquoctich) VALUES ('KG', 'Kyrgyzstan');
INSERT INTO quoctich (id_quoctich, tenquoctich) VALUES ('LV', 'Latvia');
INSERT INTO quoctich (id_quoctich, tenquoctich) VALUES ('LB', 'Lebanon');
INSERT INTO quoctich (id_quoctich, tenquoctich) VALUES ('LS', 'Lesotho');
INSERT INTO quoctich (id_quoctich, tenquoctich) VALUES ('LR', 'Liberia');
INSERT INTO quoctich (id_quoctich, tenquoctich) VALUES ('LY', 'LiBi');
INSERT INTO quoctich (id_quoctich, tenquoctich) VALUES ('LI', 'Liechtenstein');
INSERT INTO quoctich (id_quoctich, tenquoctich) VALUES ('LT', 'Lithuania');
INSERT INTO quoctich (id_quoctich, tenquoctich) VALUES ('LU', 'Luxembourg');
INSERT INTO quoctich (id_quoctich, tenquoctich) VALUES ('LA', 'Lào');
INSERT INTO quoctich (id_quoctich, tenquoctich) VALUES ('MO', 'Macau');
INSERT INTO quoctich (id_quoctich, tenquoctich) VALUES ('MK', 'Macedonia');
INSERT INTO quoctich (id_quoctich, tenquoctich) VALUES ('MG', 'Madagascar');
INSERT INTO quoctich (id_quoctich, tenquoctich) VALUES ('MW', 'Malawi');
INSERT INTO quoctich (id_quoctich, tenquoctich) VALUES ('MY', 'Malaysia');
INSERT INTO quoctich (id_quoctich, tenquoctich) VALUES ('MV', 'Maldives');
INSERT INTO quoctich (id_quoctich, tenquoctich) VALUES ('ML', 'Mali');
INSERT INTO quoctich (id_quoctich, tenquoctich) VALUES ('MT', 'Malta');
INSERT INTO quoctich (id_quoctich, tenquoctich) VALUES ('MH', 'Marshall Islnds');
INSERT INTO quoctich (id_quoctich, tenquoctich) VALUES ('MQ', 'Martinique');
INSERT INTO quoctich (id_quoctich, tenquoctich) VALUES ('MR', 'Mauretania');
INSERT INTO quoctich (id_quoctich, tenquoctich) VALUES ('MU', 'Mauritius');
INSERT INTO quoctich (id_quoctich, tenquoctich) VALUES ('YT', 'Mayotte');
INSERT INTO quoctich (id_quoctich, tenquoctich) VALUES ('MX', 'Mexico');
INSERT INTO quoctich (id_quoctich, tenquoctich) VALUES ('FM', 'Micronesia');
INSERT INTO quoctich (id_quoctich, tenquoctich) VALUES ('UM', 'Minor Outl.Isl.');
INSERT INTO quoctich (id_quoctich, tenquoctich) VALUES ('MD', 'Moldova');
INSERT INTO quoctich (id_quoctich, tenquoctich) VALUES ('MC', 'Monaco');
INSERT INTO quoctich (id_quoctich, tenquoctich) VALUES ('ME', 'Montenegro');
INSERT INTO quoctich (id_quoctich, tenquoctich) VALUES ('MS', 'Montserrat');
INSERT INTO quoctich (id_quoctich, tenquoctich) VALUES ('MA', 'Morocco');
INSERT INTO quoctich (id_quoctich, tenquoctich) VALUES ('MZ', 'Mozambique');
INSERT INTO quoctich (id_quoctich, tenquoctich) VALUES ('MN', 'Mông Cổ');
INSERT INTO quoctich (id_quoctich, tenquoctich) VALUES ('MP', 'N.Mariana Islnd');
INSERT INTO quoctich (id_quoctich, tenquoctich) VALUES ('HR', 'Nam Tư');
INSERT INTO quoctich (id_quoctich, tenquoctich) VALUES ('NA', 'Namibia');
INSERT INTO quoctich (id_quoctich, tenquoctich) VALUES ('NT', 'NATO');
INSERT INTO quoctich (id_quoctich, tenquoctich) VALUES ('NR', 'Nauru');
INSERT INTO quoctich (id_quoctich, tenquoctich) VALUES ('BQ', 'Navassa Island');
INSERT INTO quoctich (id_quoctich, tenquoctich) VALUES ('NP', 'Nepal');
INSERT INTO quoctich (id_quoctich, tenquoctich) VALUES ('NC', 'New Caledonia');
INSERT INTO quoctich (id_quoctich, tenquoctich) VALUES ('NZ', 'New Zealand');
INSERT INTO quoctich (id_quoctich, tenquoctich) VALUES ('RU', 'Nga');
INSERT INTO quoctich (id_quoctich, tenquoctich) VALUES ('JP', 'Nhật');
INSERT INTO quoctich (id_quoctich, tenquoctich) VALUES ('NI', 'Nicaragua');
INSERT INTO quoctich (id_quoctich, tenquoctich) VALUES ('NE', 'Niger');
INSERT INTO quoctich (id_quoctich, tenquoctich) VALUES ('NG', 'Nigeria');
INSERT INTO quoctich (id_quoctich, tenquoctich) VALUES ('NU', 'Niue');
INSERT INTO quoctich (id_quoctich, tenquoctich) VALUES ('NF', 'Norfolk Islands');
INSERT INTO quoctich (id_quoctich, tenquoctich) VALUES ('NO', 'Norway');
INSERT INTO quoctich (id_quoctich, tenquoctich) VALUES ('OM', 'Oman');
INSERT INTO quoctich (id_quoctich, tenquoctich) VALUES ('OR', 'Orange');
INSERT INTO quoctich (id_quoctich, tenquoctich) VALUES ('OC', 'Other Country');
INSERT INTO quoctich (id_quoctich, tenquoctich) VALUES ('PK', 'Pakistan');
INSERT INTO quoctich (id_quoctich, tenquoctich) VALUES ('PW', 'Palau');
INSERT INTO quoctich (id_quoctich, tenquoctich) VALUES ('PS', 'Palestine');
INSERT INTO quoctich (id_quoctich, tenquoctich) VALUES ('LQ', 'Palmyra Atoll');
INSERT INTO quoctich (id_quoctich, tenquoctich) VALUES ('PA', 'Panama');
INSERT INTO quoctich (id_quoctich, tenquoctich) VALUES ('PG', 'Pap. New Guinea');
INSERT INTO quoctich (id_quoctich, tenquoctich) VALUES ('PY', 'Paraguay');
INSERT INTO quoctich (id_quoctich, tenquoctich) VALUES ('PE', 'Peru');
INSERT INTO quoctich (id_quoctich, tenquoctich) VALUES ('PH', 'Philippin');
INSERT INTO quoctich (id_quoctich, tenquoctich) VALUES ('FR', 'Pháp');
INSERT INTO quoctich (id_quoctich, tenquoctich) VALUES ('PN', 'Pitcairn Islnds');
INSERT INTO quoctich (id_quoctich, tenquoctich) VALUES ('PR', 'Puerto Rico');
INSERT INTO quoctich (id_quoctich, tenquoctich) VALUES ('QA', 'Qatar');
INSERT INTO quoctich (id_quoctich, tenquoctich) VALUES ('CG', 'Rep.of Congo');
INSERT INTO quoctich (id_quoctich, tenquoctich) VALUES ('RE', 'Reunion');
INSERT INTO quoctich (id_quoctich, tenquoctich) VALUES ('RO', 'Ru Ma Ni');
INSERT INTO quoctich (id_quoctich, tenquoctich) VALUES ('RW', 'Rwanda');
INSERT INTO quoctich (id_quoctich, tenquoctich) VALUES ('GS', 'S. Sandwich Ins');
INSERT INTO quoctich (id_quoctich, tenquoctich) VALUES ('ST', 'S.Tome,Principe');
INSERT INTO quoctich (id_quoctich, tenquoctich) VALUES ('SH', 'Saint Helena');
INSERT INTO quoctich (id_quoctich, tenquoctich) VALUES ('WS', 'Samoa');
INSERT INTO quoctich (id_quoctich, tenquoctich) VALUES ('AS', 'Samoa, America');
INSERT INTO quoctich (id_quoctich, tenquoctich) VALUES ('SM', 'San Marino');
INSERT INTO quoctich (id_quoctich, tenquoctich) VALUES ('SA', 'Saudi Arabia');
INSERT INTO quoctich (id_quoctich, tenquoctich) VALUES ('SN', 'Senegal');
INSERT INTO quoctich (id_quoctich, tenquoctich) VALUES ('RS', 'Serbia');
INSERT INTO quoctich (id_quoctich, tenquoctich) VALUES ('YU', 'Serbia Mtnegro');
INSERT INTO quoctich (id_quoctich, tenquoctich) VALUES ('CS', 'Serbia/Monten.');
INSERT INTO quoctich (id_quoctich, tenquoctich) VALUES ('SC', 'Seychelles');
INSERT INTO quoctich (id_quoctich, tenquoctich) VALUES ('SL', 'Sierra Leone');
INSERT INTO quoctich (id_quoctich, tenquoctich) VALUES ('SG', 'Singapore');
INSERT INTO quoctich (id_quoctich, tenquoctich) VALUES ('SK', 'Slovakia');
INSERT INTO quoctich (id_quoctich, tenquoctich) VALUES ('SI', 'Slovenia');
INSERT INTO quoctich (id_quoctich, tenquoctich) VALUES ('SB', 'Solomon Islands');
INSERT INTO quoctich (id_quoctich, tenquoctich) VALUES ('SO', 'Somalia');
INSERT INTO quoctich (id_quoctich, tenquoctich) VALUES ('ZA', 'South Africa');
INSERT INTO quoctich (id_quoctich, tenquoctich) VALUES ('LK', 'Sri Lanka');
INSERT INTO quoctich (id_quoctich, tenquoctich) VALUES ('KN', 'St Kitts Nevis');
INSERT INTO quoctich (id_quoctich, tenquoctich) VALUES ('LC', 'St. Lucia');
INSERT INTO quoctich (id_quoctich, tenquoctich) VALUES ('VC', 'St. Vincent');
INSERT INTO quoctich (id_quoctich, tenquoctich) VALUES ('PM', 'St.Pier,Miquel.');
INSERT INTO quoctich (id_quoctich, tenquoctich) VALUES ('SD', 'Sudan');
INSERT INTO quoctich (id_quoctich, tenquoctich) VALUES ('SR', 'Suriname');
INSERT INTO quoctich (id_quoctich, tenquoctich) VALUES ('SJ', 'Svalbard');
INSERT INTO quoctich (id_quoctich, tenquoctich) VALUES ('SZ', 'Swaziland');
INSERT INTO quoctich (id_quoctich, tenquoctich) VALUES ('CH', 'Switzerland');
INSERT INTO quoctich (id_quoctich, tenquoctich) VALUES ('SY', 'Syria');
INSERT INTO quoctich (id_quoctich, tenquoctich) VALUES ('CZ', 'Séc');
INSERT INTO quoctich (id_quoctich, tenquoctich) VALUES ('TJ', 'Tajikistan');
INSERT INTO quoctich (id_quoctich, tenquoctich) VALUES ('TZ', 'Tanzania');
INSERT INTO quoctich (id_quoctich, tenquoctich) VALUES ('TH', 'Thái Lan');
INSERT INTO quoctich (id_quoctich, tenquoctich) VALUES ('SE', 'Thụy Điển');
INSERT INTO quoctich (id_quoctich, tenquoctich) VALUES ('TG', 'Togo');
INSERT INTO quoctich (id_quoctich, tenquoctich) VALUES ('TK', 'Tokelau Islands');
INSERT INTO quoctich (id_quoctich, tenquoctich) VALUES ('TO', 'Tonga');
INSERT INTO quoctich (id_quoctich, tenquoctich) VALUES ('TT', 'Trinidad,Tobago');
INSERT INTO quoctich (id_quoctich, tenquoctich) VALUES ('TE', 'Tromelin Island');
INSERT INTO quoctich (id_quoctich, tenquoctich) VALUES ('CN', 'Trung Quốc');
INSERT INTO quoctich (id_quoctich, tenquoctich) VALUES ('TN', 'Tunisia');
INSERT INTO quoctich (id_quoctich, tenquoctich) VALUES ('TR', 'Turkey');
INSERT INTO quoctich (id_quoctich, tenquoctich) VALUES ('TM', 'Turkmenistan');
INSERT INTO quoctich (id_quoctich, tenquoctich) VALUES ('TC', 'Turksh Caicosin');
INSERT INTO quoctich (id_quoctich, tenquoctich) VALUES ('TV', 'Tuvalu');
INSERT INTO quoctich (id_quoctich, tenquoctich) VALUES ('ES', 'Tây Ban Nha');
INSERT INTO quoctich (id_quoctich, tenquoctich) VALUES ('UG', 'Uganda');
INSERT INTO quoctich (id_quoctich, tenquoctich) VALUES ('UA', 'Ukraine');
INSERT INTO quoctich (id_quoctich, tenquoctich) VALUES ('UE', 'United Arab Emi');
INSERT INTO quoctich (id_quoctich, tenquoctich) VALUES ('UN', 'United Nations');
INSERT INTO quoctich (id_quoctich, tenquoctich) VALUES ('UC', 'Unknown Country');
INSERT INTO quoctich (id_quoctich, tenquoctich) VALUES ('UY', 'Uruguay');
INSERT INTO quoctich (id_quoctich, tenquoctich) VALUES ('AE', 'Utd.Arab Emir.');
INSERT INTO quoctich (id_quoctich, tenquoctich) VALUES ('UZ', 'Uzbekistan');
INSERT INTO quoctich (id_quoctich, tenquoctich) VALUES ('AU', 'Úc');
INSERT INTO quoctich (id_quoctich, tenquoctich) VALUES ('VU', 'Vanuatu');
INSERT INTO quoctich (id_quoctich, tenquoctich) VALUES ('VA', 'Vatican City');
INSERT INTO quoctich (id_quoctich, tenquoctich) VALUES ('VE', 'Venezuela');
INSERT INTO quoctich (id_quoctich, tenquoctich) VALUES ('WF', 'Wallis,Futuna');
INSERT INTO quoctich (id_quoctich, tenquoctich) VALUES ('EH', 'West Sahara');
INSERT INTO quoctich (id_quoctich, tenquoctich) VALUES ('YE', 'Yemen');
INSERT INTO quoctich (id_quoctich, tenquoctich) VALUES ('ZM', 'Zambia');
INSERT INTO quoctich (id_quoctich, tenquoctich) VALUES ('ZW', 'Zimbabwe');
INSERT INTO quoctich (id_quoctich, tenquoctich) VALUES ('ZZ', 'Khác');

